x,y,z,u,v,w,magnitude
-2.0,-2.0,-2.0,2.0,-2.0,-0.976,2.992
-2.0,-2.0,-1.0,2.0,-2.0,-0.726,2.92
-2.0,-2.0,0.0,2.0,-2.0,-0.476,2.868
-2.0,-2.0,1.0,2.0,-2.0,-0.226,2.837
-2.0,-2.0,2.0,2.0,-2.0,0.024,2.829
-2.0,-1.0,-2.0,1.0,-2.0,-0.809,2.378
-2.0,-1.0,-1.0,1.0,-2.0,-0.559,2.305
-2.0,-1.0,0.0,1.0,-2.0,-0.309,2.257
-2.0,-1.0,1.0,1.0,-2.0,-0.059,2.237
-2.0,-1.0,2.0,1.0,-2.0,0.191,2.244
-2.0,0.0,-2.0,-0.0,-2.0,-0.708,2.122
-2.0,0.0,-1.0,-0.0,-2.0,-0.458,2.052
-2.0,0.0,0.0,-0.0,-2.0,-0.208,2.011
-2.0,0.0,1.0,-0.0,-2.0,0.042,2.0
-2.0,0.0,2.0,-0.0,-2.0,0.292,2.021
-2.0,1.0,-2.0,-1.0,-2.0,-0.809,2.378
-2.0,1.0,-1.0,-1.0,-2.0,-0.559,2.305
-2.0,1.0,0.0,-1.0,-2.0,-0.309,2.257
-2.0,1.0,1.0,-1.0,-2.0,-0.059,2.237
-2.0,1.0,2.0,-1.0,-2.0,0.191,2.244
-2.0,2.0,-2.0,-2.0,-2.0,-0.976,2.992
-2.0,2.0,-1.0,-2.0,-2.0,-0.726,2.92
-2.0,2.0,0.0,-2.0,-2.0,-0.476,2.868
-2.0,2.0,1.0,-2.0,-2.0,-0.226,2.837
-2.0,2.0,2.0,-2.0,-2.0,0.024,2.829
-1.0,-2.0,-2.0,2.0,-1.0,-0.809,2.378
-1.0,-2.0,-1.0,2.0,-1.0,-0.559,2.305
-1.0,-2.0,0.0,2.0,-1.0,-0.309,2.257
-1.0,-2.0,1.0,2.0,-1.0,-0.059,2.237
-1.0,-2.0,2.0,2.0,-1.0,0.191,2.244
-1.0,-1.0,-2.0,1.0,-1.0,-0.422,1.476
-1.0,-1.0,-1.0,1.0,-1.0,-0.172,1.425
-1.0,-1.0,0.0,1.0,-1.0,0.078,1.416
-1.0,-1.0,1.0,1.0,-1.0,0.328,1.452
-1.0,-1.0,2.0,1.0,-1.0,0.578,1.528
-1.0,0.0,-2.0,-0.0,-1.0,-0.23,1.026
-1.0,0.0,-1.0,-0.0,-1.0,0.02,1.0
-1.0,0.0,0.0,-0.0,-1.0,0.27,1.036
-1.0,0.0,1.0,-0.0,-1.0,0.52,1.127
-1.0,0.0,2.0,-0.0,-1.0,0.77,1.262
-1.0,1.0,-2.0,-1.0,-1.0,-0.422,1.476
-1.0,1.0,-1.0,-1.0,-1.0,-0.172,1.425
-1.0,1.0,0.0,-1.0,-1.0,0.078,1.416
-1.0,1.0,1.0,-1.0,-1.0,0.328,1.452
-1.0,1.0,2.0,-1.0,-1.0,0.578,1.528
-1.0,2.0,-2.0,-2.0,-1.0,-0.809,2.378
-1.0,2.0,-1.0,-2.0,-1.0,-0.559,2.305
-1.0,2.0,0.0,-2.0,-1.0,-0.309,2.257
-1.0,2.0,1.0,-2.0,-1.0,-0.059,2.237
-1.0,2.0,2.0,-2.0,-1.0,0.191,2.244
0.0,-2.0,-2.0,2.0,0.0,-0.708,2.122
0.0,-2.0,-1.0,2.0,0.0,-0.458,2.052
0.0,-2.0,0.0,2.0,0.0,-0.208,2.011
0.0,-2.0,1.0,2.0,0.0,0.042,2.0
0.0,-2.0,2.0,2.0,0.0,0.292,2.021
0.0,-1.0,-2.0,1.0,0.0,-0.23,1.026
0.0,-1.0,-1.0,1.0,0.0,0.02,1.0
0.0,-1.0,0.0,1.0,0.0,0.27,1.036
0.0,-1.0,1.0,1.0,0.0,0.52,1.127
0.0,-1.0,2.0,1.0,0.0,0.77,1.262
0.0,0.0,-2.0,-0.0,0.0,0.0,0.0
0.0,0.0,-1.0,-0.0,0.0,0.25,0.25
0.0,0.0,0.0,-0.0,0.0,0.5,0.5
0.0,0.0,1.0,-0.0,0.0,0.75,0.75
0.0,0.0,2.0,-0.0,0.0,1.0,1.0
0.0,1.0,-2.0,-1.0,0.0,-0.23,1.026
0.0,1.0,-1.0,-1.0,0.0,0.02,1.0
0.0,1.0,0.0,-1.0,0.0,0.27,1.036
0.0,1.0,1.0,-1.0,0.0,0.52,1.127
0.0,1.0,2.0,-1.0,0.0,0.77,1.262
0.0,2.0,-2.0,-2.0,0.0,-0.708,2.122
0.0,2.0,-1.0,-2.0,0.0,-0.458,2.052
0.0,2.0,0.0,-2.0,0.0,-0.208,2.011
0.0,2.0,1.0,-2.0,0.0,0.042,2.0
0.0,2.0,2.0,-2.0,0.0,0.292,2.021
1.0,-2.0,-2.0,2.0,1.0,-0.809,2.378
1.0,-2.0,-1.0,2.0,1.0,-0.559,2.305
1.0,-2.0,0.0,2.0,1.0,-0.309,2.257
1.0,-2.0,1.0,2.0,1.0,-0.059,2.237
1.0,-2.0,2.0,2.0,1.0,0.191,2.244
1.0,-1.0,-2.0,1.0,1.0,-0.422,1.476
1.0,-1.0,-1.0,1.0,1.0,-0.172,1.425
1.0,-1.0,0.0,1.0,1.0,0.078,1.416
1.0,-1.0,1.0,1.0,1.0,0.328,1.452
1.0,-1.0,2.0,1.0,1.0,0.578,1.528
1.0,0.0,-2.0,-0.0,1.0,-0.23,1.026
1.0,0.0,-1.0,-0.0,1.0,0.02,1.0
1.0,0.0,0.0,-0.0,1.0,0.27,1.036
1.0,0.0,1.0,-0.0,1.0,0.52,1.127
1.0,0.0,2.0,-0.0,1.0,0.77,1.262
1.0,1.0,-2.0,-1.0,1.0,-0.422,1.476
1.0,1.0,-1.0,-1.0,1.0,-0.172,1.425
1.0,1.0,0.0,-1.0,1.0,0.078,1.416
1.0,1.0,1.0,-1.0,1.0,0.328,1.452
1.0,1.0,2.0,-1.0,1.0,0.578,1.528
1.0,2.0,-2.0,-2.0,1.0,-0.809,2.378
1.0,2.0,-1.0,-2.0,1.0,-0.559,2.305
1.0,2.0,0.0,-2.0,1.0,-0.309,2.257
1.0,2.0,1.0,-2.0,1.0,-0.059,2.237
1.0,2.0,2.0,-2.0,1.0,0.191,2.244
2.0,-2.0,-2.0,2.0,2.0,-0.976,2.992
2.0,-2.0,-1.0,2.0,2.0,-0.726,2.92
2.0,-2.0,0.0,2.0,2.0,-0.476,2.868
2.0,-2.0,1.0,2.0,2.0,-0.226,2.837
2.0,-2.0,2.0,2.0,2.0,0.024,2.829
2.0,-1.0,-2.0,1.0,2.0,-0.809,2.378
2.0,-1.0,-1.0,1.0,2.0,-0.559,2.305
2.0,-1.0,0.0,1.0,2.0,-0.309,2.257
2.0,-1.0,1.0,1.0,2.0,-0.059,2.237
2.0,-1.0,2.0,1.0,2.0,0.191,2.244
2.0,0.0,-2.0,-0.0,2.0,-0.708,2.122
2.0,0.0,-1.0,-0.0,2.0,-0.458,2.052
2.0,0.0,0.0,-0.0,2.0,-0.208,2.011
2.0,0.0,1.0,-0.0,2.0,0.042,2.0
2.0,0.0,2.0,-0.0,2.0,0.292,2.021
2.0,1.0,-2.0,-1.0,2.0,-0.809,2.378
2.0,1.0,-1.0,-1.0,2.0,-0.559,2.305
2.0,1.0,0.0,-1.0,2.0,-0.309,2.257
2.0,1.0,1.0,-1.0,2.0,-0.059,2.237
2.0,1.0,2.0,-1.0,2.0,0.191,2.244
2.0,2.0,-2.0,-2.0,2.0,-0.976,2.992
2.0,2.0,-1.0,-2.0,2.0,-0.726,2.92
2.0,2.0,0.0,-2.0,2.0,-0.476,2.868
2.0,2.0,1.0,-2.0,2.0,-0.226,2.837
2.0,2.0,2.0,-2.0,2.0,0.024,2.829
